Name,Link,Source,Rarity,Trait,Level,Price,Bulk,Usage,Spoilers,Available
Adventurer's Pack,https://2e.aonprd.com/Equipment.aspx?ID=1,Core Rulebook pg. 287,Common,,0,"1 gp, 5 sp",1,,,FALSE
Air Bladder,https://2e.aonprd.com/Equipment.aspx?ID=1394,Grand Bazaar pg. 92,Common,,0,1 sp,L 1 if inflated,held in 1 hand,,FALSE
Alchemist's Lab,https://2e.aonprd.com/Equipment.aspx?ID=543,Core Rulebook pg. 287,Common,,0,5 gp,6,,,FALSE
Alchemist's Lab (Expanded),https://2e.aonprd.com/Equipment.aspx?ID=543,Core Rulebook pg. 287,Common,,3,55 gp,6,,,FALSE
Alchemist's Tools,https://2e.aonprd.com/Equipment.aspx?ID=2,Core Rulebook pg. 287,Common,,0,3 gp,1,,,FALSE
Aquarium Lamp,https://2e.aonprd.com/Equipment.aspx?ID=1140,Guns & Gears pg. 84,Uncommon,"Electricity, Light, Uncommon",8,"1,500 gp",20,,,FALSE
Armored Skirt,https://2e.aonprd.com/Equipment.aspx?ID=514,Character Guide pg. 91,Common,,0,2 gp,1,,,FALSE
Artisan's Tools,https://2e.aonprd.com/Equipment.aspx?ID=3,Core Rulebook pg. 287,Common,,0,4 gp,2,,,FALSE
Artisan's Tools (Sterling),https://2e.aonprd.com/Equipment.aspx?ID=3,Core Rulebook pg. 287,Common,,3,50 gp,2,,,FALSE
Astrolabe (Mariner's),https://2e.aonprd.com/Equipment.aspx?ID=2411,"Pathfinder #188: They Watched the Stars pg. 79, PFS Guide pg. 34",Uncommon,Uncommon,3,50 gp,L,,Gatewalkers,FALSE
Astrolabe (Standard),https://2e.aonprd.com/Equipment.aspx?ID=2411,"Pathfinder #188: They Watched the Stars pg. 79, PFS Guide pg. 34",Uncommon,Uncommon,2,30 gp,L,,Gatewalkers,FALSE
Backpack,https://2e.aonprd.com/Equipment.aspx?ID=4,Core Rulebook pg. 287,Common,,0,1 sp,,,,TRUE
Ball,https://2e.aonprd.com/Equipment.aspx?ID=1328,Grand Bazaar pg. 58,Common,,0,3 cp,L,held in 1 hand,,FALSE
Bandalore,https://2e.aonprd.com/Equipment.aspx?ID=1329,Grand Bazaar pg. 58,Common,,0,5 cp,,held in 1 hand,,FALSE
Barding (Heavy; Large),https://2e.aonprd.com/Equipment.aspx?ID=1552,Core Rulebook pg. 295,Common,,3,50 gp,8,,,FALSE
Barding (Heavy; Small or Medium),https://2e.aonprd.com/Equipment.aspx?ID=1552,Core Rulebook pg. 295,Common,,2,25 gp,4,,,FALSE
Barding (Light; Large),https://2e.aonprd.com/Equipment.aspx?ID=1552,Core Rulebook pg. 295,Common,,0,20 gp,4,,,FALSE
Barding (Light; Small or Medium),https://2e.aonprd.com/Equipment.aspx?ID=1552,Core Rulebook pg. 295,Common,,0,10 gp,2,,,FALSE
Basic Crafter's Book,https://2e.aonprd.com/Equipment.aspx?ID=6,Core Rulebook pg. 287,Common,,0,1 sp,L,,,FALSE
Bedroll,https://2e.aonprd.com/Equipment.aspx?ID=7,Core Rulebook pg. 288,Common,,0,2 cp,L,,,TRUE
Blade Launcher,https://2e.aonprd.com/Equipment.aspx?ID=1096,Guns & Gears pg. 64,Uncommon,Uncommon,1,18 gp,1,held in 2 hands,,FALSE
Blocks,https://2e.aonprd.com/Equipment.aspx?ID=1330,Grand Bazaar pg. 58,Common,,0,1 sp,L,held in 2 hands,,TRUE
Bomb Launcher,https://2e.aonprd.com/Equipment.aspx?ID=1097,Guns & Gears pg. 64,Uncommon,Uncommon,1,20 gp,1,held in 2 hands,,FALSE
Book of Translation (Advanced),https://2e.aonprd.com/Equipment.aspx?ID=858,PFS Guide pg. 93,Uncommon,Uncommon,5,125 gp,L,held in 1 hand,,FALSE
Book of Translation (Standard),https://2e.aonprd.com/Equipment.aspx?ID=858,PFS Guide pg. 93,Uncommon,Uncommon,2,25 gp,L,held in 1 hand,,FALSE
Brass Ear,https://2e.aonprd.com/Equipment.aspx?ID=677,Advanced Player's Guide pg. 249,Common,,0,1 gp,,,,FALSE
Buoyancy Vest,https://2e.aonprd.com/Equipment.aspx?ID=863,PFS Guide pg. 114,Common,,0,5 gp,1,,,TRUE
Caltrops,https://2e.aonprd.com/Equipment.aspx?ID=9,Core Rulebook pg. 287,Common,,0,3 sp,L,,,TRUE
Camouflage Suit,https://2e.aonprd.com/Equipment.aspx?ID=1201,Guns & Gears pg. 178,Common,,3,10 gp,L,,,FALSE
Camouflage Suit (Superb),https://2e.aonprd.com/Equipment.aspx?ID=1201,Guns & Gears pg. 178,Common,,9,140 gp,L,,,FALSE
Candle,https://2e.aonprd.com/Equipment.aspx?ID=10,Core Rulebook pg. 287,Common,,0,1 cp,,,,TRUE
Cartographer's Kit,https://2e.aonprd.com/Equipment.aspx?ID=847,PFS Guide pg. 34,Uncommon,Uncommon,3,42 gp,1,,,FALSE
Chain,https://2e.aonprd.com/Equipment.aspx?ID=11,Core Rulebook pg. 288,Common,,0,4 gp (10 ft.),1,,,TRUE
Chalk,https://2e.aonprd.com/Equipment.aspx?ID=12,Core Rulebook pg. 288,Common,,0,1 cp (10 pieces),,,,TRUE
Chest,https://2e.aonprd.com/Equipment.aspx?ID=13,Core Rulebook pg. 287,Common,,0,6 sp,2,,,FALSE
Clay,https://2e.aonprd.com/Equipment.aspx?ID=1331,Grand Bazaar pg. 58,Common,,0,1 cp,,held in 2 hands,,TRUE
Climbing Kit,https://2e.aonprd.com/Equipment.aspx?ID=14,Core Rulebook pg. 287,Common,,0,5 sp,1,,,TRUE
Climbing Kit (Extreme),https://2e.aonprd.com/Equipment.aspx?ID=14,Core Rulebook pg. 287,Common,,3,40 gp,1,,,FALSE
Clockwork Bookshelf,https://2e.aonprd.com/Equipment.aspx?ID=1141,Guns & Gears pg. 85,Uncommon,"Clockwork, Uncommon",1,15 gp,4,,,FALSE
Clockwork Box Packer,https://2e.aonprd.com/Equipment.aspx?ID=1142,Guns & Gears pg. 85,Uncommon,"Clockwork, Uncommon",3,50 gp,4,,,FALSE
Clockwork Dial,https://2e.aonprd.com/Equipment.aspx?ID=864,PFS Guide pg. 114,Uncommon,Uncommon,0,20 gp,,,,FALSE
Clockwork Disguise,https://2e.aonprd.com/Equipment.aspx?ID=1143,Guns & Gears pg. 85,Uncommon,"Clockwork, Uncommon",6,200 gp,2,worn armor,,FALSE
Clockwork Diving Suit,https://2e.aonprd.com/Equipment.aspx?ID=1144,Guns & Gears pg. 86,Uncommon,"Air, Clockwork, Uncommon, Water",6,200 gp,4,worn,,FALSE
Clockwork Megaphone,https://2e.aonprd.com/Equipment.aspx?ID=1145,Guns & Gears pg. 87,Uncommon,"Clockwork, Uncommon",1,15 gp,1,,,FALSE
Clockwork Recorder,https://2e.aonprd.com/Equipment.aspx?ID=764,Legends pg. 24,Rare,Rare,6,250 gp,L,held in 1 hand,,FALSE
Clothing (Explorer's),https://2e.aonprd.com/Equipment.aspx?ID=15,Core Rulebook pg. 287,Common,,0,1 sp,L,,,FALSE
Clothing (Fine),https://2e.aonprd.com/Equipment.aspx?ID=15,Core Rulebook pg. 287,Common,,0,2 gp,L,,,FALSE
Clothing (High-Fashion Fine),https://2e.aonprd.com/Equipment.aspx?ID=15,Core Rulebook pg. 287,Common,,3,55 gp,L,,,FALSE
Clothing (Ordinary),https://2e.aonprd.com/Equipment.aspx?ID=15,Core Rulebook pg. 287,Common,,0,1 sp,,,,FALSE
Clothing (Winter),https://2e.aonprd.com/Equipment.aspx?ID=15,Core Rulebook pg. 287,Common,,0,4 sp,L,,,FALSE
Comealong,https://2e.aonprd.com/Equipment.aspx?ID=865,PFS Guide pg. 114,Uncommon,Uncommon,0,3 gp,1,,,TRUE
Communication Bangle,https://2e.aonprd.com/Equipment.aspx?ID=841,PFS Guide pg. 26,Uncommon,Uncommon,1,10 gp,,worn,,FALSE
Compass,https://2e.aonprd.com/Equipment.aspx?ID=16,Core Rulebook pg. 290,Common,,0,1 gp,,,,TRUE
Compass (Lensatic),https://2e.aonprd.com/Equipment.aspx?ID=16,Core Rulebook pg. 290,Common,,3,20 gp,,,,FALSE
Concealable Picks,https://2e.aonprd.com/Equipment.aspx?ID=58,PFS Guide pg. 114,Uncommon,Uncommon,4,10 gp,L,,,FALSE
Concealable Thieves' Tools,https://2e.aonprd.com/Equipment.aspx?ID=58,PFS Guide pg. 114,Uncommon,Uncommon,4,80 gp,L,,,FALSE
Concealed Holster,https://2e.aonprd.com/Equipment.aspx?ID=1202,Guns & Gears pg. 179,Common,,3,25 gp,L,,,FALSE
Concealed Sheath,https://2e.aonprd.com/Equipment.aspx?ID=678,Advanced Player's Guide pg. 249,Common,,3,25 gp,,,,FALSE
Concealment Coin,https://2e.aonprd.com/Equipment.aspx?ID=2427,Firebrands pg. 82,Uncommon,Uncommon,0,3 gp,,,,FALSE
Cookware,https://2e.aonprd.com/Equipment.aspx?ID=17,Core Rulebook pg. 288,Common,,0,1 gp,2,,,TRUE
Crowbar,https://2e.aonprd.com/Equipment.aspx?ID=18,Core Rulebook pg. 290,Common,,0,5 sp,L,,,TRUE
Crowbar (Levered),https://2e.aonprd.com/Equipment.aspx?ID=18,Core Rulebook pg. 290,Common,,3,20 gp,L,,,FALSE
Day Goggles,https://2e.aonprd.com/Equipment.aspx?ID=1146,Guns & Gears pg. 87,Uncommon,Uncommon,2,30 gp,L,worn eyepiece,,FALSE
Deployable Cover,https://2e.aonprd.com/Equipment.aspx?ID=1098,Guns & Gears pg. 64,Uncommon,Uncommon,1,15 gp,1,held in 2 hands,,FALSE
Deployable Cover (Ballistic Cover),https://2e.aonprd.com/Equipment.aspx?ID=1098,Guns & Gears pg. 64,Uncommon,Uncommon,2,35 gp,1,held in 2 hands,,FALSE
Depth Gauge,https://2e.aonprd.com/Equipment.aspx?ID=866,PFS Guide pg. 114,Uncommon,Uncommon,0,1 gp,L,,,TRUE
Detective's Kit,https://2e.aonprd.com/Equipment.aspx?ID=679,Advanced Player's Guide pg. 249,Common,,3,25 gp,1,,,FALSE
Disguise Kit,https://2e.aonprd.com/Equipment.aspx?ID=19,Core Rulebook pg. 290,Common,,0,2 gp,L,,,FALSE
Disguise Kit (Elite Cosmetics),https://2e.aonprd.com/Equipment.aspx?ID=19,Core Rulebook pg. 290,Common,,3,5 sp,L,,,FALSE
Disguise Kit (Elite),https://2e.aonprd.com/Equipment.aspx?ID=19,Core Rulebook pg. 290,Common,,3,40 gp,L,,,FALSE
Disguise Kit (Replacement Cosmetics),https://2e.aonprd.com/Equipment.aspx?ID=19,Core Rulebook pg. 290,Common,,0,1 sp,L,,,FALSE
Diving Suit,https://2e.aonprd.com/Equipment.aspx?ID=1261,Grand Bazaar pg. 19,Common,,3,100 gp,1,worn clothing,,FALSE
Doll,https://2e.aonprd.com/Equipment.aspx?ID=1332,Grand Bazaar pg. 58,Common,,0,1 sp,L,held in 1 hand,,TRUE
Dueling Cape,https://2e.aonprd.com/Equipment.aspx?ID=680,Advanced Player's Guide pg. 249,Common,,0,5 sp,L,,,TRUE
Earplugs,https://2e.aonprd.com/Equipment.aspx?ID=1203,"Guns & Gears pg. 179, PFS Guide pg. 114",Common,,0,1 sp,,,,TRUE
Electrocable,https://2e.aonprd.com/Equipment.aspx?ID=1147,Guns & Gears pg. 87,Rare,"Electricity, Fire, Rare",3,45 gp,L,held in 2 hands,,FALSE
Experimental Clothing,https://2e.aonprd.com/Equipment.aspx?ID=1318,Grand Bazaar pg. 50,Uncommon,Uncommon,2,25 gp,L,worn clothing,,FALSE
Exquisite Surprise Doll,https://2e.aonprd.com/Equipment.aspx?ID=1332,Grand Bazaar pg. 58,Common,,2,10 gp,L,held in 1 hand,,FALSE
Extendible Pincer,https://2e.aonprd.com/Equipment.aspx?ID=1148,Guns & Gears pg. 87,Uncommon,"Clockwork, Uncommon",0,2 gp,L,held in 2 hands,,FALSE
Fake Blood Pack,https://2e.aonprd.com/Equipment.aspx?ID=1395,Grand Bazaar pg. 92,Common,Consumable,0,1 gp,L,worn under light armor or clothes,,TRUE
False Manacles,https://2e.aonprd.com/Equipment.aspx?ID=868,PFS Guide pg. 114,Uncommon,Uncommon,0,10 gp,,,,FALSE
False-Bottomed Mug,https://2e.aonprd.com/Equipment.aspx?ID=1620,Dark Archive pg. 82,Uncommon,Uncommon,0,5 sp,L,held in 1 hand,,FALSE
Familiar Satchel,https://2e.aonprd.com/Equipment.aspx?ID=869,PFS Guide pg. 114,Uncommon,Uncommon,0,5 gp,1,,,FALSE
Fingerprinting Kit,https://2e.aonprd.com/Equipment.aspx?ID=797,Pathfinder #157: Devil at the Dreaming Palace pg. 77,Uncommon,Uncommon,3,30 gp,L,held in 2 hands,Agents of Edgewatch,FALSE
Firearm Cleaning Kit,https://2e.aonprd.com/Equipment.aspx?ID=1204,Guns & Gears pg. 179,Uncommon,Uncommon,0,1 sp,L,,,FALSE
Fishing Tackle,https://2e.aonprd.com/Equipment.aspx?ID=20,Core Rulebook pg. 290,Common,,0,8 sp,1,,,TRUE
Fishing Tackle (Professional),https://2e.aonprd.com/Equipment.aspx?ID=20,Core Rulebook pg. 290,Common,,3,20 gp,1,,,FALSE
Flint and Steel,https://2e.aonprd.com/Equipment.aspx?ID=21,Core Rulebook pg. 290,Common,,0,5 cp,,,,TRUE
Floating Tent (Four-Person),https://2e.aonprd.com/Equipment.aspx?ID=2580,Rage of Elements pg. 75,Common,,2,25 gp,2,,,FALSE
Floating Tent (Pup),https://2e.aonprd.com/Equipment.aspx?ID=2580,Rage of Elements pg. 75,Common,,1,10 gp,1,,,FALSE
Folding Ladder,https://2e.aonprd.com/Equipment.aspx?ID=1396,Grand Bazaar pg. 92,Common,,0,3 gp,1 3 unfolded,held in 2 hands,,FALSE
Formula Book (Blank),https://2e.aonprd.com/Equipment.aspx?ID=22,Core Rulebook pg. 290,Common,,0,1 gp,L,,,FALSE
Games,https://2e.aonprd.com/Equipment.aspx?ID=1333,Grand Bazaar pg. 58,Common,,0,"5 sp (-5 gp, see text)",L,held in 2 hands,,FALSE
Glass Cutter,https://2e.aonprd.com/Equipment.aspx?ID=870,PFS Guide pg. 115,Uncommon,Uncommon,0,5 gp,L,,,TRUE
Glittering Scarab,https://2e.aonprd.com/Equipment.aspx?ID=1622,Dark Archive pg. 82,Uncommon,Uncommon,1,10 gp,,worn,,FALSE
Grappling Arrow,https://2e.aonprd.com/Equipment.aspx?ID=871,PFS Guide pg. 115,Uncommon,Uncommon,0,2 sp,L,,,FALSE
Grappling Bolt,https://2e.aonprd.com/Equipment.aspx?ID=872,PFS Guide pg. 115,Uncommon,Uncommon,0,2 sp,L,,,FALSE
Grappling Gun,https://2e.aonprd.com/Equipment.aspx?ID=1099,Guns & Gears pg. 64,Uncommon,Uncommon,0,3 gp,1,held in 2 hands,,TRUE
Grappling Gun (Clockwork),https://2e.aonprd.com/Equipment.aspx?ID=1099,Guns & Gears pg. 64,Uncommon,Uncommon,1,15 gp,1,held in 2 hands,,FALSE
Grappling Hook,https://2e.aonprd.com/Equipment.aspx?ID=23,Core Rulebook pg. 290,Common,,0,1 sp,L,,,TRUE
Hammer,https://2e.aonprd.com/Equipment.aspx?ID=24,Core Rulebook pg. 288,Common,,0,1 sp,L,,,TRUE
Handcuffs (Average),https://2e.aonprd.com/Equipment.aspx?ID=798,Pathfinder #157: Devil at the Dreaming Palace pg. 77,Uncommon,Uncommon,3,30 gp,L,held in 1 hand,Agents of Edgewatch,FALSE
Handcuffs (Good),https://2e.aonprd.com/Equipment.aspx?ID=798,Pathfinder #157: Devil at the Dreaming Palace pg. 77,Uncommon,Uncommon,9,350 gp,L,held in 1 hand,Agents of Edgewatch,FALSE
Handcuffs (Superior),https://2e.aonprd.com/Equipment.aspx?ID=798,Pathfinder #157: Devil at the Dreaming Palace pg. 77,Uncommon,Uncommon,17,"6,000 gp",L,held in 1 hand,Agents of Edgewatch,FALSE
Harrow Carrying Case,https://2e.aonprd.com/Equipment.aspx?ID=823,Pathfinder #160: Assault on Hunting Lodge Seven pg. 66,Common,,0,1 gp,1,,,FALSE
Harrow Deck (Common),https://2e.aonprd.com/Equipment.aspx?ID=824,Pathfinder #160: Assault on Hunting Lodge Seven pg. 66,Common,,0,10 gp,L,,,FALSE
Harrow Deck (Fine),https://2e.aonprd.com/Equipment.aspx?ID=824,Pathfinder #160: Assault on Hunting Lodge Seven pg. 66,Common,,0,11 gp (+),L,,,FALSE
Harrow Deck (Simple),https://2e.aonprd.com/Equipment.aspx?ID=824,Pathfinder #160: Assault on Hunting Lodge Seven pg. 66,Common,,0,1 gp,L,,,FALSE
Harrow Mat,https://2e.aonprd.com/Equipment.aspx?ID=825,Pathfinder #160: Assault on Hunting Lodge Seven pg. 66,Common,,0,8 gp,L,,,FALSE
Healer's Tools,https://2e.aonprd.com/Equipment.aspx?ID=25,Core Rulebook pg. 290,Common,,0,5 gp,1,,,TRUE
Healer's Tools (Expanded),https://2e.aonprd.com/Equipment.aspx?ID=25,Core Rulebook pg. 290,Common,,3,50 gp,1,,,FALSE
Heated Cloak,https://2e.aonprd.com/Equipment.aspx?ID=1149,Guns & Gears pg. 87,Uncommon,Uncommon,5,160 gp,L,worn cloak,,FALSE
Hoax-Hunter's Kit,https://2e.aonprd.com/Equipment.aspx?ID=1616,Dark Archive pg. 63,Uncommon,Uncommon,3,50 gp,1,held in 2 hands,,FALSE
Hollowed Hilt,https://2e.aonprd.com/Equipment.aspx?ID=1553,Knights of Lastwall pg. 86,Uncommon,Uncommon,0,3 gp,,,,FALSE
Holly and Mistletoe,https://2e.aonprd.com/Equipment.aspx?ID=26,Core Rulebook pg. 290,Common,,0,,,,,FALSE
Hourglass,https://2e.aonprd.com/Equipment.aspx?ID=27,Core Rulebook pg. 288,Common,,0,3 gp,L,,,TRUE
Ignitor,https://2e.aonprd.com/Equipment.aspx?ID=1151,Guns & Gears pg. 88,Common,Clockwork,1,5 gp,,held in 1 hand,,FALSE
Jellyfish Lamp,https://2e.aonprd.com/Equipment.aspx?ID=495,World Guide pg. 68,Common,,0,2 gp,L,held in 1 hand,,FALSE
Kite,https://2e.aonprd.com/Equipment.aspx?ID=1334,Grand Bazaar pg. 58,Common,,0,4 cp,,held in 1 hand,,FALSE
Knight's Maintenance Kit,https://2e.aonprd.com/Equipment.aspx?ID=1554,Knights of Lastwall pg. 86,Uncommon,Uncommon,5,50 gp,1,,,FALSE
Knight's Standard,https://2e.aonprd.com/Equipment.aspx?ID=1555,Knights of Lastwall pg. 86,Uncommon,Uncommon,0,5 gp,1,,,FALSE
Knight's Tabard,https://2e.aonprd.com/Equipment.aspx?ID=1556,Knights of Lastwall pg. 86,Uncommon,Uncommon,3,15 gp,L,,,FALSE
Ladder (10 ft.),https://2e.aonprd.com/Equipment.aspx?ID=28,Core Rulebook pg. 288,Common,,0,3 cp,3,,,TRUE
Lantern (Bull's-Eye),https://2e.aonprd.com/Equipment.aspx?ID=29,Core Rulebook pg. 290,Common,,0,1 gp,1,,,TRUE
Lantern (Hooded),https://2e.aonprd.com/Equipment.aspx?ID=29,Core Rulebook pg. 290,Common,,0,7 sp,L,,,TRUE
Liar's Board,https://2e.aonprd.com/Equipment.aspx?ID=2555,Highhelm pg. 59,Uncommon,Uncommon,5,90 gp,2,held in 2 hands,,FALSE
Loaded Dice,https://2e.aonprd.com/Equipment.aspx?ID=1333,Grand Bazaar pg. 58,Common,,1,5 gp,L,held in 2 hands,,FALSE
Lock (Average),https://2e.aonprd.com/Equipment.aspx?ID=30,Core Rulebook pg. 290,Common,,3,15 gp,,,,FALSE
Lock (Good),https://2e.aonprd.com/Equipment.aspx?ID=30,Core Rulebook pg. 290,Common,,9,200 gp,,,,FALSE
Lock (Poor),https://2e.aonprd.com/Equipment.aspx?ID=30,Core Rulebook pg. 290,Common,,0,2 sp,,,,TRUE
Lock (Simple),https://2e.aonprd.com/Equipment.aspx?ID=30,Core Rulebook pg. 290,Common,,1,2 gp,,,,FALSE
Lock (Superior),https://2e.aonprd.com/Equipment.aspx?ID=30,Core Rulebook pg. 290,Common,,17,"4,500 gp",,,,FALSE
Magnetic Construction Set,https://2e.aonprd.com/Equipment.aspx?ID=1335,Grand Bazaar pg. 58,Common,,1,2 gp,L,held in 2 hands,,FALSE
Magnifying Glass,https://2e.aonprd.com/Equipment.aspx?ID=31,Core Rulebook pg. 290,Common,,3,40 gp,,,,FALSE
Manacles (Average),https://2e.aonprd.com/Equipment.aspx?ID=32,Core Rulebook pg. 290,Common,,3,20 gp,,,,FALSE
Manacles (Good),https://2e.aonprd.com/Equipment.aspx?ID=32,Core Rulebook pg. 290,Common,,9,250 gp,,,,FALSE
Manacles (Poor),https://2e.aonprd.com/Equipment.aspx?ID=32,Core Rulebook pg. 290,Common,,0,3 sp,,,,TRUE
Manacles (Simple),https://2e.aonprd.com/Equipment.aspx?ID=32,Core Rulebook pg. 290,Common,,1,3 gp,,,,FALSE
Manacles (Superior),https://2e.aonprd.com/Equipment.aspx?ID=32,Core Rulebook pg. 290,Common,,17,"5,000 gp",,,,FALSE
Marbles,https://2e.aonprd.com/Equipment.aspx?ID=1336,Grand Bazaar pg. 58,Common,,0,2 sp,L,held in 1 hand,,TRUE
Marked Playing Cards,https://2e.aonprd.com/Equipment.aspx?ID=873,PFS Guide pg. 115,Common,,0,1 gp,,,,FALSE
Mask (Fine),https://2e.aonprd.com/Equipment.aspx?ID=1397,Grand Bazaar pg. 92,Common,,0,2 gp,,worn mask,,FALSE
Mask (Ordinary),https://2e.aonprd.com/Equipment.aspx?ID=1397,Grand Bazaar pg. 92,Common,,0,5 cp,,worn mask,,FALSE
Mask (Plague),https://2e.aonprd.com/Equipment.aspx?ID=1397,Grand Bazaar pg. 92,Common,,1,10 gp,,worn mask,,FALSE
Mask (Rubber),https://2e.aonprd.com/Equipment.aspx?ID=1397,Grand Bazaar pg. 92,Common,,1,5 gp,,worn mask,,FALSE
Material Component Pouch,https://2e.aonprd.com/Equipment.aspx?ID=33,Core Rulebook pg. 290,Common,,0,5 sp,L,,,FALSE
Mechanical Torch,https://2e.aonprd.com/Equipment.aspx?ID=1236,Guns & Gears pg. 88,Common,Clockwork,1,10 gp,L,held in 1 hand,,FALSE
Membership Cords,https://2e.aonprd.com/Equipment.aspx?ID=1623,Dark Archive pg. 82,Uncommon,Uncommon,0,5 gp,L,worn,,FALSE
Merchant's Scale,https://2e.aonprd.com/Equipment.aspx?ID=34,Core Rulebook pg. 288,Common,,0,2 sp,L,,,TRUE
Mirror,https://2e.aonprd.com/Equipment.aspx?ID=35,Core Rulebook pg. 288,Common,,0,1 gp,,,,TRUE
Mug,https://2e.aonprd.com/Equipment.aspx?ID=36,Core Rulebook pg. 288,Common,,0,1 cp,,,,TRUE
Musical Instrument (Handheld),https://2e.aonprd.com/Equipment.aspx?ID=37,Core Rulebook pg. 290,Common,,0,8 sp,1,,,FALSE
Musical Instrument (Heavy),https://2e.aonprd.com/Equipment.aspx?ID=37,Core Rulebook pg. 290,Common,,0,2 gp,16,,,FALSE
Musical Instrument (Virtuoso Handheld),https://2e.aonprd.com/Equipment.aspx?ID=37,Core Rulebook pg. 290,Common,,3,50 gp,1,,,FALSE
Musical Instrument (Virtuoso Heavy),https://2e.aonprd.com/Equipment.aspx?ID=37,Core Rulebook pg. 290,Common,,3,100 gp,16,,,FALSE
Net,https://2e.aonprd.com/Equipment.aspx?ID=681,Advanced Player's Guide pg. 249,Common,,0,1 gp,1,,,TRUE
Net Launcher,https://2e.aonprd.com/Equipment.aspx?ID=1100,Guns & Gears pg. 65,Rare,Rare,1,16 gp,1,held in 2 hands,,FALSE
Nightbreeze Machine,https://2e.aonprd.com/Equipment.aspx?ID=1154,Guns & Gears pg. 88,Uncommon,"Air, Clockwork, Uncommon",5,125 gp,4,,,FALSE
Oil,https://2e.aonprd.com/Equipment.aspx?ID=38,Core Rulebook pg. 291,Common,,0,1 cp,,,,TRUE
Paint Set,https://2e.aonprd.com/Equipment.aspx?ID=1337,Grand Bazaar pg. 59,Common,,0,1 gp,L,held in 2 hands,,FALSE
Palm Crossbow,https://2e.aonprd.com/Equipment.aspx?ID=766,Legends pg. 25,Rare,Rare,3,60 gp,L,worn,,FALSE
Paper Shredder,https://2e.aonprd.com/Equipment.aspx?ID=1155,Guns & Gears pg. 88,Uncommon,"Clockwork, Uncommon",2,30 gp,2,,,FALSE
Parrying Scabbard,https://2e.aonprd.com/Equipment.aspx?ID=682,Advanced Player's Guide pg. 249,Common,,0,5 sp,L,,,FALSE
Pathfinder Chronicle,https://2e.aonprd.com/Equipment.aspx?ID=64,Character Guide pg. 110,Uncommon,Uncommon,3,6 gp,L,held in 1 hand,,FALSE
Periscope,https://2e.aonprd.com/Equipment.aspx?ID=683,Advanced Player's Guide pg. 249,Common,,2,25 gp,L,,,FALSE
Pickpocket's Tailoring,https://2e.aonprd.com/Equipment.aspx?ID=1320,Grand Bazaar pg. 50,Uncommon,Uncommon,4,100 gp,,sewn into clothing,,FALSE
Pinwheel,https://2e.aonprd.com/Equipment.aspx?ID=1338,Grand Bazaar pg. 59,Common,,0,1 cp,,held in 1 hand,,TRUE
Piton,https://2e.aonprd.com/Equipment.aspx?ID=39,Core Rulebook pg. 291,Common,,0,1 cp,,,,TRUE
Plated Duster,https://2e.aonprd.com/Equipment.aspx?ID=1789,Impossible Lands pg. 106,Uncommon,Uncommon,0,2 gp,1,,,FALSE
Playing Cards,https://2e.aonprd.com/Equipment.aspx?ID=873,PFS Guide pg. 115,Common,,0,5 sp,,,,TRUE
Pocket Watch,https://2e.aonprd.com/Equipment.aspx?ID=1790,Impossible Lands pg. 106,Uncommon,Uncommon,2,25 gp,L,held in 1 hand,,FALSE
Poison Ring,https://2e.aonprd.com/Equipment.aspx?ID=2448,Firebrands pg. 82,Uncommon,Uncommon,1,10 gp,,,,FALSE
Polar Travel Kit,https://2e.aonprd.com/Equipment.aspx?ID=2426,Pathfinder #189: Dreamers of the Nameless Spires pg. 28,Common,,0,30 gp,4,,,FALSE
Portable Altar,https://2e.aonprd.com/Equipment.aspx?ID=1557,Knights of Lastwall pg. 86,Uncommon,Uncommon,3,25 gp,3,,,FALSE
Portable Ram,https://2e.aonprd.com/Equipment.aspx?ID=1398,Grand Bazaar pg. 92,Common,,3,20 gp,3,held in 2 hands,,FALSE
Portable Ram (Reinforced),https://2e.aonprd.com/Equipment.aspx?ID=1398,Grand Bazaar pg. 92,Common,,9,600 gp,3,held in 2 hands,,FALSE
Powder,https://2e.aonprd.com/Equipment.aspx?ID=1399,Grand Bazaar pg. 92,Common,Consumable,0,1 sp,L,held in 1 hand,,FALSE
Practice Targets,https://2e.aonprd.com/Equipment.aspx?ID=1205,Guns & Gears pg. 179,Common,,0,2 sp (price for 10),L,,,FALSE
Printing Press,https://2e.aonprd.com/Equipment.aspx?ID=1156,Guns & Gears pg. 89,Rare,"Clockwork, Rare",9,600 gp,20,,,FALSE
Puzzle Box (Challenging),https://2e.aonprd.com/Equipment.aspx?ID=1340,Grand Bazaar pg. 59,Common,,3,10 gp,L,held in 1 hand,,FALSE
Puzzle Box (Complex),https://2e.aonprd.com/Equipment.aspx?ID=1340,Grand Bazaar pg. 59,Common,,1,2 gp,L,held in 1 hand,,FALSE
Puzzle Box (Hollow),https://2e.aonprd.com/Equipment.aspx?ID=1340,Grand Bazaar pg. 59,Common,,0,,L,held in 1 hand,,FALSE
Puzzle Box (Simple),https://2e.aonprd.com/Equipment.aspx?ID=1340,Grand Bazaar pg. 59,Common,,0,2 sp,L,held in 1 hand,,FALSE
Quick-Change Outfit,https://2e.aonprd.com/Equipment.aspx?ID=2449,Firebrands pg. 82,Uncommon,Uncommon,2,,varies,,,FALSE
Rappelling Kit,https://2e.aonprd.com/Equipment.aspx?ID=2450,Firebrands pg. 82,Uncommon,Uncommon,3,30 gp,1,,,FALSE
Rations,https://2e.aonprd.com/Equipment.aspx?ID=40,Core Rulebook pg. 288,Common,,0,4 sp (1 week),L,,,TRUE
Recovery Bladder,https://2e.aonprd.com/Equipment.aspx?ID=1264,Grand Bazaar pg. 19,Rare,"Consumable, Rare",3,10 gp,L 8 if inflated,,,FALSE
Religious Symbol (Silver),https://2e.aonprd.com/Equipment.aspx?ID=41,Core Rulebook pg. 291,Common,,0,2 gp,L,,,FALSE
Religious Symbol (Wooden),https://2e.aonprd.com/Equipment.aspx?ID=41,Core Rulebook pg. 291,Common,,0,1 sp,L,,,TRUE
Religious Text,https://2e.aonprd.com/Equipment.aspx?ID=42,Core Rulebook pg. 291,Common,,0,1 gp,L,,,TRUE
Repair Kit,https://2e.aonprd.com/Equipment.aspx?ID=43,Core Rulebook pg. 291,Common,,0,2 gp,1,,,TRUE
Repair Kit (Superb),https://2e.aonprd.com/Equipment.aspx?ID=43,Core Rulebook pg. 291,Common,,3,25 gp,1,,,FALSE
Replacement Filter (Level 1),https://2e.aonprd.com/Equipment.aspx?ID=877,PFS Guide pg. 115,Uncommon,Uncommon,1,3 gp,,,,FALSE
Replacement Filter (Level 10),https://2e.aonprd.com/Equipment.aspx?ID=877,PFS Guide pg. 115,Uncommon,Uncommon,10,155 gp,,,,FALSE
Replacement Filter (Level 5),https://2e.aonprd.com/Equipment.aspx?ID=877,PFS Guide pg. 115,Uncommon,Uncommon,5,25 gp,,,,FALSE
Rope,https://2e.aonprd.com/Equipment.aspx?ID=44,Core Rulebook pg. 288,Common,,0,5 sp (50 ft.),L,,,TRUE
Rubbing Set,https://2e.aonprd.com/Equipment.aspx?ID=874,PFS Guide pg. 115,Uncommon,Uncommon,0,1 gp,1,,,FALSE
Ruler,https://2e.aonprd.com/Equipment.aspx?ID=849,PFS Guide pg. 34,Common,,0,5 sp,,held in 1 hand,,FALSE
Sack,https://2e.aonprd.com/Equipment.aspx?ID=45,Core Rulebook pg. 291,Common,,0,1 cp,L,,,TRUE
Saddlebags,https://2e.aonprd.com/Equipment.aspx?ID=46,Core Rulebook pg. 291,Common,,0,2 sp,,,,FALSE
Sambuca,https://2e.aonprd.com/Equipment.aspx?ID=1200,Guns & Gears pg. 177,Rare,Rare,3,120 gp,,,,FALSE
Scholarly Journal,https://2e.aonprd.com/Equipment.aspx?ID=64,Core Rulebook pg. 291,Uncommon,Uncommon,3,6 gp,L,,,FALSE
Scholarly Journal (Compendium),https://2e.aonprd.com/Equipment.aspx?ID=64,Core Rulebook pg. 291,Uncommon,Uncommon,3,30 gp,L,,,FALSE
Scroll Belt,https://2e.aonprd.com/Equipment.aspx?ID=2451,Firebrands pg. 82,Uncommon,Uncommon,3,15 gp,L,,,FALSE
Shield Sconce,https://2e.aonprd.com/Equipment.aspx?ID=875,PFS Guide pg. 115,Uncommon,Uncommon,0,1 sp,,,,FALSE
Shootist Bandolier,https://2e.aonprd.com/Equipment.aspx?ID=937,Pathfinder #165: Eyes of Empty Death pg. 73,Uncommon,Uncommon,0,1 gp,,,Abomination Vaults,FALSE
Sibling's Coin,https://2e.aonprd.com/Equipment.aspx?ID=1627,Dark Archive pg. 83,Uncommon,Uncommon,1,10 gp,,held in 1 hand,,FALSE
Signal Whistle,https://2e.aonprd.com/Equipment.aspx?ID=50,Core Rulebook pg. 291,Common,,0,8 cp,,,,TRUE
Silencer,https://2e.aonprd.com/Equipment.aspx?ID=1206,Guns & Gears pg. 179,Common,,0,1 sp,L,,,FALSE
Smoked Goggles,https://2e.aonprd.com/Equipment.aspx?ID=1400,Grand Bazaar pg. 92,Common,,3,20 gp,,worn eyepiece,,FALSE
Snare Kit,https://2e.aonprd.com/Equipment.aspx?ID=51,Core Rulebook pg. 291,Common,,0,5 gp,2,,,FALSE
Snare Kit (Specialist),https://2e.aonprd.com/Equipment.aspx?ID=51,Core Rulebook pg. 291,Common,,3,55 gp,2,,,FALSE
Snowshoes,https://2e.aonprd.com/Equipment.aspx?ID=876,PFS Guide pg. 115,Common,,0,10 gp,1,,,FALSE
Soap,https://2e.aonprd.com/Equipment.aspx?ID=52,Core Rulebook pg. 288,Common,,0,2 cp,,,,TRUE
Spellbook (Blank),https://2e.aonprd.com/Equipment.aspx?ID=53,Core Rulebook pg. 291,Common,,0,1 gp,L,,,FALSE
Spirit-Singer,https://2e.aonprd.com/Equipment.aspx?ID=1138,Guns & Gears pg. 83,Rare,Rare,5,150 gp,16,,,FALSE
Spirit-Singer (Handheld),https://2e.aonprd.com/Equipment.aspx?ID=1138,Guns & Gears pg. 83,Rare,Rare,6,200 gp,1,held in 2 hands,,FALSE
Spirit-Singer (Incredible Handheld),https://2e.aonprd.com/Equipment.aspx?ID=1138,Guns & Gears pg. 83,Rare,Rare,12,"1,650 gp",1,held in 2 hands,,FALSE
Spirit-Singer (Incredible),https://2e.aonprd.com/Equipment.aspx?ID=1138,Guns & Gears pg. 83,Rare,Rare,11,"1,250 gp",16,,,FALSE
Spyglass,https://2e.aonprd.com/Equipment.aspx?ID=54,Core Rulebook pg. 291,Common,,0,20 gp,L,,,FALSE
Spyglass (Fine),https://2e.aonprd.com/Equipment.aspx?ID=54,Core Rulebook pg. 291,Common,,4,80 gp,L,,,FALSE
Steam Winch,https://2e.aonprd.com/Equipment.aspx?ID=1158,Guns & Gears pg. 89,Rare,"Rare, Steam",8,425 gp,2,operated with two hands,,FALSE
Steamflight Pack,https://2e.aonprd.com/Equipment.aspx?ID=1157,Guns & Gears pg. 89,Rare,"Clockwork, Rare, Steam",15,"6,000 gp",2,worn backpack,,FALSE
Sturdy Satchel,https://2e.aonprd.com/Equipment.aspx?ID=850,PFS Guide pg. 34,Uncommon,Uncommon,2,30 gp,1,worn,,FALSE
Surprise Doll,https://2e.aonprd.com/Equipment.aspx?ID=1332,Grand Bazaar pg. 58,Common,,1,1 gp,L,held in 1 hand,,FALSE
Survey Map,https://2e.aonprd.com/Equipment.aspx?ID=65,Core Rulebook pg. 291,Uncommon,Uncommon,3,10 gp,L,,,FALSE
Survey Map (Atlas),https://2e.aonprd.com/Equipment.aspx?ID=65,Core Rulebook pg. 291,Uncommon,Uncommon,3,50 gp,L,,,FALSE
Swarmsuit,https://2e.aonprd.com/Equipment.aspx?ID=1401,Grand Bazaar pg. 93,Common,,1,20 gp,,attached to explorer's clothing,,FALSE
Swarmsuit (Impenetrable),https://2e.aonprd.com/Equipment.aspx?ID=1401,Grand Bazaar pg. 93,Common,,8,420 gp,,attached to explorer's clothing,,FALSE
Swim Fins,https://2e.aonprd.com/Equipment.aspx?ID=496,World Guide pg. 69,Common,,0,5 gp,L,worn shoes,,FALSE
Tack,https://2e.aonprd.com/Equipment.aspx?ID=55,Core Rulebook pg. 291,Common,,0,4 gp,1,,,FALSE
Tear-Away Clothing,https://2e.aonprd.com/Equipment.aspx?ID=1402,Grand Bazaar pg. 93,Common,,0,5 sp,,modifies existing clothing,,FALSE
Ten-Foot Pole,https://2e.aonprd.com/Equipment.aspx?ID=56,Core Rulebook pg. 291,Common,,0,1 cp,1,,,TRUE
Tent (Four-Person),https://2e.aonprd.com/Equipment.aspx?ID=57,Core Rulebook pg. 288,Common,,0,5 gp,1,,,FALSE
Tent (Pavilion),https://2e.aonprd.com/Equipment.aspx?ID=57,Core Rulebook pg. 288,Common,,2,40 gp,12,,,FALSE
Tent (Pup),https://2e.aonprd.com/Equipment.aspx?ID=57,Core Rulebook pg. 288,Common,,0,8 sp,L,,,FALSE
The Old Mage Deck,https://2e.aonprd.com/Equipment.aspx?ID=1084,Secrets of Magic pg. 183,Common,,0,5 sp,,,,FALSE
Thieves' Tools,https://2e.aonprd.com/Equipment.aspx?ID=58,Core Rulebook pg. 291,Common,,0,3 gp,L,,,FALSE
Thieves' Tools (Infiltrator Picks),https://2e.aonprd.com/Equipment.aspx?ID=58,Core Rulebook pg. 291,Common,,3,3 gp,L,,,FALSE
Thieves' Tools (Infiltrator),https://2e.aonprd.com/Equipment.aspx?ID=58,Core Rulebook pg. 291,Common,,3,50 gp,L,,,FALSE
Thieves' Tools (Replacement Picks),https://2e.aonprd.com/Equipment.aspx?ID=58,Core Rulebook pg. 291,Common,,0,3 sp,L,,,FALSE
Timepiece (Desktop Clock),https://2e.aonprd.com/Equipment.aspx?ID=1159,Guns & Gears pg. 89,Uncommon,"Clockwork, Uncommon",1,10 gp,3,,,FALSE
Timepiece (Grand Clock),https://2e.aonprd.com/Equipment.aspx?ID=1159,Guns & Gears pg. 89,Uncommon,"Clockwork, Uncommon",3,50 gp,16,,,FALSE
Tool (Long),https://2e.aonprd.com/Equipment.aspx?ID=59,Core Rulebook pg. 292,Common,,0,1 gp,1,,,FALSE
Tool (Short),https://2e.aonprd.com/Equipment.aspx?ID=59,Core Rulebook pg. 292,Common,,0,4 sp,L,,,FALSE
Torch,https://2e.aonprd.com/Equipment.aspx?ID=60,Core Rulebook pg. 292,Common,,0,1 cp,L,,,TRUE
Toy Carriage,https://2e.aonprd.com/Equipment.aspx?ID=1342,Grand Bazaar pg. 59,Common,,0,5 sp,,held in 1 hand,,FALSE
Toy Carriage (Windup),https://2e.aonprd.com/Equipment.aspx?ID=1342,Grand Bazaar pg. 59,Common,,2,5 gp,,held in 2 hands,,FALSE
Traitor's Ring,https://2e.aonprd.com/Equipment.aspx?ID=1630,Dark Archive pg. 83,Uncommon,Uncommon,0,"1 gp, 5 sp",,worn,,FALSE
Traveler's Cloak,https://2e.aonprd.com/Equipment.aspx?ID=1558,Knights of Lastwall pg. 86,Uncommon,Uncommon,1,7 gp,L,,,FALSE
Tripod,https://2e.aonprd.com/Equipment.aspx?ID=1207,Guns & Gears pg. 179,Common,,0,2 sp,1,,,FALSE
Violet Ray,https://2e.aonprd.com/Equipment.aspx?ID=1139,Guns & Gears pg. 83,Rare,Rare,12,"1,893 gp",2,held in 2 hands,,FALSE
Waffle Iron,https://2e.aonprd.com/Equipment.aspx?ID=1403,Grand Bazaar pg. 93,Common,,0,5 sp,1,,,TRUE
Waffle Iron (High-Grade Mithral),https://2e.aonprd.com/Equipment.aspx?ID=1403,Grand Bazaar pg. 93,Uncommon,Uncommon,16,"6,005 gp",1,,,FALSE
Waffle Iron (Imprint),https://2e.aonprd.com/Equipment.aspx?ID=1403,Grand Bazaar pg. 93,Common,,1,2 gp,1,,,FALSE
Waffle Iron (Mithral),https://2e.aonprd.com/Equipment.aspx?ID=1403,Grand Bazaar pg. 93,Uncommon,Uncommon,8,355 gp,1,,,FALSE
War Saddle,https://2e.aonprd.com/Equipment.aspx?ID=1559,Knights of Lastwall pg. 86,Uncommon,Uncommon,5,50 gp,1,,,FALSE
Water Purifier,https://2e.aonprd.com/Equipment.aspx?ID=877,PFS Guide pg. 115,Uncommon,Uncommon,0,5 gp,L,,,FALSE
Waterproof Carrying Case,https://2e.aonprd.com/Equipment.aspx?ID=1208,Guns & Gears pg. 179,Common,,0,2 sp,L,,,TRUE
Waterproof Journal,https://2e.aonprd.com/Equipment.aspx?ID=845,PFS Guide pg. 30,Uncommon,Uncommon,1,5 gp,1,,,FALSE
Waterskin,https://2e.aonprd.com/Equipment.aspx?ID=62,Core Rulebook pg. 292,Common,,0,5 cp,L,,,TRUE
Wax Key Blank,https://2e.aonprd.com/Equipment.aspx?ID=878,PFS Guide pg. 115,Uncommon,Uncommon,0,1 gp,,,,FALSE
Wheelbarrow,https://2e.aonprd.com/Equipment.aspx?ID=1404,Grand Bazaar pg. 93,Common,,0,5 sp,5,held in 2 hands,,TRUE
Wind-up Wings (Flutterback),https://2e.aonprd.com/Equipment.aspx?ID=1101,Guns & Gears pg. 65,Rare,"Clockwork, Rare",3,50 gp,,attached to a thrown weapon,,FALSE
Wind-up Wings (Homing),https://2e.aonprd.com/Equipment.aspx?ID=1101,Guns & Gears pg. 65,Rare,"Clockwork, Rare",12,"1,800 gp",,attached to a thrown weapon,,FALSE
Wrenchgear,https://2e.aonprd.com/Equipment.aspx?ID=1791,Impossible Lands pg. 106,Uncommon,Uncommon,3,50 gp,L,held in 1 hand,,FALSE
Wrist Grappler,https://2e.aonprd.com/Equipment.aspx?ID=1099,Firebrands pg. 82,Uncommon,Uncommon,2,25 gp,2,,,FALSE
Wrist Grappler (Clockwork),https://2e.aonprd.com/Equipment.aspx?ID=1099,Firebrands pg. 85,Uncommon,Uncommon,3,40 gp,2,,,FALSE
Writ of Authenticity,https://2e.aonprd.com/Equipment.aspx?ID=842,PFS Guide pg. 26,Uncommon,Uncommon,2,5 gp,,held in 1 hand,,FALSE
Writing Set,https://2e.aonprd.com/Equipment.aspx?ID=63,Core Rulebook pg. 292,Common,,0,1 gp,L,,,TRUE
Writing Set (Extra Ink and Paper),https://2e.aonprd.com/Equipment.aspx?ID=63,Core Rulebook pg. 292,Common,,0,1 sp,L,,,FALSE
